Date and Time,"Turbidity, NTU","Rainfall, mm",Flow
6/1/18 0:00,3.2,0,0.1209
6/1/18 1:00,2.94,0,0.1202
6/1/18 2:00,3.06,0,0.1196
6/1/18 3:00,3.19,0,0.1189
6/1/18 4:00,2.72,0,0.1183
6/1/18 5:00,2.61,0,0.1176
6/1/18 6:00,2.75,0,0.117
6/1/18 7:00,2.62,0,0.1163
6/1/18 8:00,2.57,0,0.1157
6/1/18 9:00,2.64,0,0.115
6/1/18 10:00,2.47,0,0.1144
6/1/18 11:00,2.3,0,0.1138
6/1/18 12:00,2.22,0,0.1132
6/1/18 13:00,2.45,0,0.1125
6/1/18 14:00,2.7,0,0.1119
6/1/18 15:00,2.68,0,0.1113
6/1/18 16:00,2.55,0,0.1107
6/1/18 17:00,2.71,0,0.1101
6/1/18 18:00,2.68,0,0.1096
6/1/18 19:00,2.72,0,0.109
6/1/18 20:00,2.59,0,0.1084
6/1/18 21:00,2.65,0,0.1078
6/1/18 22:00,2.61,0,0.1073
6/1/18 23:00,2.4,0,0.1067
6/2/18 0:00,2.55,0,0.1061
6/2/18 1:00,2.65,0,0.1056
6/2/18 2:00,2.51,0,0.105
6/2/18 3:00,2.24,0,0.1045
6/2/18 4:00,2.47,0,0.104
6/2/18 5:00,2.52,0,0.1034
6/2/18 6:00,2.35,0,0.1029
6/2/18 7:00,2.44,0,0.1024
6/2/18 8:00,2.26,0,0.1019
6/2/18 9:00,2.37,0,0.1013
6/2/18 10:00,2.49,0,0.1008
6/2/18 11:00,2.77,0,0.1003
6/2/18 12:00,2.63,0,0.0998
6/2/18 13:00,2.58,0,0.0993
6/2/18 14:00,2.66,0,0.0989
6/2/18 15:00,2.71,3.6,1.951
6/2/18 16:00,2.56,0,4.202
6/2/18 17:00,2.68,0,4.5907
6/2/18 18:00,2.73,0,4.7081
6/2/18 19:00,2.65,0,4.2706
6/2/18 20:00,2.48,0,3.5782
6/2/18 21:00,2.57,0,2.9826
6/2/18 22:00,2.39,0,2.4939
6/2/18 23:00,2.47,0,2.0943
6/3/18 0:00,2.36,0,1.7667
6/3/18 1:00,2.58,2.6,2.9242
6/3/18 2:00,2.5,1.8,6.027
6/3/18 3:00,2.44,0,8.2826
6/3/18 4:00,2.56,0,8.4975
6/3/18 5:00,2.4,0,7.5922
6/3/18 6:00,2.64,0,6.3995
6/3/18 7:00,2.58,0,5.3203
6/3/18 8:00,2.49,0,4.4297
6/3/18 9:00,2.61,0,3.7017
6/3/18 10:00,2.69,0,3.1061
6/3/18 11:00,2.73,0,2.6173
6/3/18 12:00,2.64,0,2.2159
6/3/18 13:00,2.57,0.4,1.8848
6/3/18 14:00,2.64,0,1.611
6/3/18 15:00,2.78,0,1.3826
6/3/18 16:00,2.61,0,1.1739
6/3/18 17:00,3.11,0,1.022
6/3/18 18:00,3.22,0,0.8949
6/3/18 19:00,3.29,0,0.7886
6/3/18 20:00,3.24,0,0.6994
6/3/18 21:00,3.51,0,0.6244
6/3/18 22:00,3.69,0,0.5612
6/3/18 23:00,3.39,0,0.507
6/4/18 0:00,3.55,0,0.4603
6/4/18 1:00,3.13,0,0.4222
6/4/18 2:00,3.38,0,0.3746
6/4/18 3:00,2.64,0,0.3312
6/4/18 4:00,2.56,0,0.312
6/4/18 5:00,2.61,0,0.2965
6/4/18 6:00,2.45,0,0.2832
6/4/18 7:00,2.57,0,0.2718
6/4/18 8:00,2.66,0,0.2617
6/4/18 9:00,2.49,0,0.2527
6/4/18 10:00,2.58,0,0.2434
6/4/18 11:00,2.62,0,0.2347
6/4/18 12:00,2.74,0,0.2275
6/4/18 13:00,2.59,0,0.2223
6/4/18 14:00,2.83,0,0.2152
6/4/18 15:00,2.71,0,0.2083
6/4/18 16:00,2.78,0,0.2045
6/4/18 17:00,2.61,0,0.2024
6/4/18 18:00,2.79,0,0.2007
6/4/18 19:00,2.88,0,0.1991
6/4/18 20:00,2.67,0,0.1977
6/4/18 21:00,2.71,0,0.1963
6/4/18 22:00,2.59,0,0.1944
6/4/18 23:00,2.68,0,0.1919
6/5/18 0:00,2.73,0,0.1901
6/5/18 1:00,2.91,0,0.189
6/5/18 2:00,2.87,0,0.1883
6/5/18 3:00,3.02,0,0.1877
6/5/18 4:00,2.92,0,0.1871
6/5/18 5:00,2.94,0,0.1864
6/5/18 6:00,3.04,0,0.1858
6/5/18 7:00,2.48,0,0.1852
6/5/18 8:00,2.86,0,0.1845
6/5/18 9:00,2.73,0,0.1839
6/5/18 10:00,2.98,0,0.183
6/5/18 11:00,3.55,0,0.1821
6/5/18 12:00,3.32,0,0.1814
6/5/18 13:00,3.18,0,0.1807
6/5/18 14:00,3.15,0,0.18
6/5/18 15:00,3.29,0,0.1794
6/5/18 16:00,3.02,0,0.1787
6/5/18 17:00,3.26,0,0.178
6/5/18 18:00,3.4,0,0.1773
6/5/18 19:00,3.23,0,0.1766
6/5/18 20:00,3.18,4.2,2.6519
6/5/18 21:00,3.06,4.2,5.723
6/5/18 22:00,2.63,0,6.5273
6/5/18 23:00,2.59,0,6.5188
6/6/18 0:00,2.71,0,5.7235
6/6/18 1:00,2.57,0,4.7776
6/6/18 2:00,2.66,0,3.9829
6/6/18 3:00,2.61,0,3.3337
6/6/18 4:00,2.55,0,2.8038
6/6/18 5:00,2.48,0,2.3689
6/6/18 6:00,2.58,0,2.0115
6/6/18 7:00,2.8,0,1.717
6/6/18 8:00,2.87,0,1.4735
6/6/18 9:00,3.84,0,1.2717
6/6/18 10:00,3.48,0,1.1008
6/6/18 11:00,2.81,0,0.9622
6/6/18 12:00,4.34,9.8,8.7972
6/6/18 13:00,3.3,13.8,33.2778
6/6/18 14:00,3.67,0.4,56.6611
6/6/18 15:00,3.51,0,57.7324
6/6/18 16:00,3.91,0,49.6591
6/6/18 17:00,3.44,0,41.1398
6/6/18 18:00,3.57,0,33.8942
6/6/18 19:00,3.61,0,27.9737
6/6/18 20:00,3.82,0,23.155
6/6/18 21:00,3.37,0,19.1984
6/6/18 22:00,3.5,0,15.9865
6/6/18 23:00,3.41,0,13.3518
6/7/18 0:00,3.62,0,11.1849
6/7/18 1:00,3.75,0.8,9.3982
6/7/18 2:00,3.66,1,8.448
6/7/18 3:00,3.81,1.2,8.9659
6/7/18 4:00,3.58,1,10.3294
6/7/18 5:00,4.2,3,13.6207
6/7/18 6:00,3.85,0.4,16.7825
6/7/18 7:00,3.98,0.4,16.4958
6/7/18 8:00,4.44,0,14.4483
6/7/18 9:00,4.64,0,12.1553
6/7/18 10:00,4.57,0,10.1337
6/7/18 11:00,5.36,0,8.4615
6/7/18 12:00,4.82,0,7.0912
6/7/18 13:00,5.13,0,5.888
6/7/18 14:00,8.41,0,4.8498
6/7/18 15:00,7.83,0,4.1181
6/7/18 16:00,7.59,0,3.5162
6/7/18 17:00,7.96,0,3.0164
6/7/18 18:00,8.92,0,2.6009
6/7/18 19:00,8.49,0,2.2516
6/7/18 20:00,8.74,0,1.9566
6/7/18 21:00,7.58,0,1.7026
6/7/18 22:00,8.94,0,1.4853
6/7/18 23:00,8.56,0,1.2933
6/8/18 0:00,7.71,0,1.1321
6/8/18 1:00,6.2,0,1.0097
6/8/18 2:00,7.44,0,0.9132
6/8/18 3:00,5.13,0,0.8262
6/8/18 4:00,6.68,0,0.7471
6/8/18 5:00,5.02,0,0.6816
6/8/18 6:00,5.9,0,0.6066
6/8/18 7:00,5.76,0,0.5633
6/8/18 8:00,5.41,0,0.523
6/8/18 9:00,5.2,0,0.489
6/8/18 10:00,5.52,0,0.4654
6/8/18 11:00,5.18,16,14.0203
6/8/18 12:00,4.63,17.4,52.1051
6/8/18 13:00,4.21,4,86.4751
6/8/18 14:00,4.36,4,90.766
6/8/18 15:00,4.46,0,79.2324
6/8/18 16:00,4.42,1,66.518
6/8/18 17:00,4.44,0,55.8172
6/8/18 18:00,7.17,0,46.3754
6/8/18 19:00,5.63,0,38.3816
6/8/18 20:00,7.1,0,31.8116
6/8/18 21:00,7.93,0,26.435
6/8/18 22:00,7.85,0,22.0294
6/8/18 23:00,6.59,0,18.4113
6/9/18 0:00,5.22,0,15.4338
6/9/18 1:00,6.26,0,12.9603
6/9/18 2:00,7.09,0,10.9144
6/9/18 3:00,6.82,2,10.0769
6/9/18 4:00,7.14,2.2,11.8579
6/9/18 5:00,7.05,1,14.5295
6/9/18 6:00,6.46,1,15.0235
6/9/18 7:00,6.6,3,16.3513
6/9/18 8:00,7.28,4,22.0006
6/9/18 9:00,7.81,6.6,32.7991
6/9/18 10:00,6.97,1,41.2987
6/9/18 11:00,7.12,7,47.6662
6/9/18 12:00,7.35,2.4,54.0904
6/9/18 13:00,10.8,1,53.6514
6/9/18 14:00,14.2,2,49.9662
6/9/18 15:00,18,5.4,50.783
6/9/18 16:00,24.7,3,54.708
6/9/18 17:00,25.1,1,54.2947
6/9/18 18:00,40.4,3,51.8393
6/9/18 19:00,50.3,3,48.3873
6/9/18 20:00,46.1,0,41.9368
6/9/18 21:00,46.3,2.6,37.4538
6/9/18 22:00,40.8,1.2,35.7386
6/9/18 23:00,46.8,3,35.7573
6/10/18 0:00,29.3,4.6,39.8856
6/10/18 1:00,30.4,2,44.1439
6/10/18 2:00,25.9,0.2,42.8971
6/10/18 3:00,16.9,0,37.5022
6/10/18 4:00,20.5,0.4,31.6426
6/10/18 5:00,20.2,0.6,27.0537
6/10/18 6:00,20.3,0.4,23.6191
6/10/18 7:00,16,1,21.3455
6/10/18 8:00,14.6,2,21.3215
6/10/18 9:00,12.2,15,36.6769
6/10/18 10:00,13,19.2,75.8433
6/10/18 11:00,12.4,19.2,103.7142
6/10/18 12:00,11.8,1.2,100.268
6/10/18 13:00,12.3,1.4,87.6885
6/10/18 14:00,12,0.4,75.3854
6/10/18 15:00,13.4,0.6,63.9894
6/10/18 16:00,14,0.2,53.9834
6/10/18 17:00,14.2,0.2,45.2246
6/10/18 18:00,14.4,0.6,38.2705
6/10/18 19:00,15.1,0.6,32.6146
6/10/18 20:00,14.3,0,27.4822
6/10/18 21:00,14.5,0,23.0253
6/10/18 22:00,15.2,0,19.2878
6/10/18 23:00,15,0.4,16.1921
6/11/18 0:00,15.4,0.2,13.6114
6/11/18 1:00,15.1,0.4,11.7365
6/11/18 2:00,14.4,0.2,10.3689
6/11/18 3:00,13.1,0,9.0113
6/11/18 4:00,12.8,0.6,8.0793
6/11/18 5:00,13,0,7.4117
6/11/18 6:00,11.2,0.2,6.4987
6/11/18 7:00,12.3,0.2,5.6785
6/11/18 8:00,11.6,0.4,5.2667
6/11/18 9:00,10.9,0.6,5.3984
6/11/18 10:00,11.2,14,18.8019
6/11/18 11:00,10.8,11.6,49.5194
6/11/18 12:00,12.7,19.8,90.5525
6/11/18 13:00,13.2,14,131.2545
6/11/18 14:00,321,1.4,145.9546
6/11/18 15:00,367,5,138.0803
6/11/18 16:00,201,1.2,124.9244
6/11/18 17:00,133,0.4,108.0673
6/11/18 18:00,101,0,90.5677
6/11/18 19:00,86.4,0,75.0173
6/11/18 20:00,59.6,0,62.0802
6/11/18 21:00,57.2,0,51.4979
6/11/18 22:00,45.9,1.2,43.5201
6/11/18 23:00,51.8,0.2,37.353
6/12/18 0:00,34.4,3.4,35.129
6/12/18 1:00,32.8,2.6,37.225
6/12/18 2:00,26.8,0.4,37.3336
6/12/18 3:00,27.4,1,34.4898
6/12/18 4:00,26.2,1,31.6426
6/12/18 5:00,38.3,1,28.4018
6/12/18 6:00,39.8,0.4,24.5824
6/12/18 7:00,33.8,0,20.9761
6/12/18 8:00,35.3,0,17.7016
6/12/18 9:00,32.8,1,15.5938
6/12/18 10:00,29.7,1,14.1379
6/12/18 11:00,28.1,0.8,12.78
6/12/18 12:00,26.5,0.8,12.3434
6/12/18 13:00,28,0.4,11.9278
6/12/18 14:00,25.1,1,11.7841
6/12/18 15:00,23.9,0.2,11.6529
6/12/18 16:00,24.2,0.2,10.5412
6/12/18 17:00,28.6,0.2,9.1103
6/12/18 18:00,28.2,0.4,7.8288
6/12/18 19:00,26.4,4.2,10.7506
6/12/18 20:00,27.9,4.2,15.0459
6/12/18 21:00,26.5,4.2,15.238
6/12/18 22:00,30.5,0,13.4746
6/12/18 23:00,29.7,0,11.3804
6/13/18 0:00,31.6,1,9.9945
6/13/18 1:00,28.9,0,8.9886
6/13/18 2:00,29.6,0,7.7487
6/13/18 3:00,30.3,0,6.5889
6/13/18 4:00,28.5,0.2,5.5932
6/13/18 5:00,24.8,1.6,5.982
6/13/18 6:00,23,0.4,7.1109
6/13/18 7:00,21.1,1.2,8.197
6/13/18 8:00,17.8,0.4,9.1704
6/13/18 9:00,14.9,1.2,9.9954
6/13/18 10:00,15,1,11.2582
6/13/18 11:00,12.9,1.4,12.8019
6/13/18 12:00,12.6,1,14.2952
6/13/18 13:00,11.3,1,14.2981
6/13/18 14:00,9.95,0.4,12.964
6/13/18 15:00,9.65,3.6,14.7616
6/13/18 16:00,10.3,0.2,17.723
6/13/18 17:00,9.35,0,17.202
6/13/18 18:00,8.72,0,15.0301
6/13/18 19:00,11,0.2,12.6664
6/13/18 20:00,10.5,0.2,10.5687
6/13/18 21:00,9.37,2.4,11.1119
6/13/18 22:00,8.94,12,24.4848
6/13/18 23:00,8.55,1,41.3389
6/14/18 0:00,8.29,1,44.9013
6/14/18 1:00,7.93,0.4,41.1417
6/14/18 2:00,8.01,0,35.3461
6/14/18 3:00,7.23,1.2,30.5582
6/14/18 4:00,6.65,0.8,27.5731
6/14/18 5:00,6.68,0,24.528
6/14/18 6:00,7.53,0,20.9521
6/14/18 7:00,7.66,0,17.604
6/14/18 8:00,6.93,0,14.7484
6/14/18 9:00,7.45,0,12.396
6/14/18 10:00,8.45,3.6,13.4011
6/14/18 11:00,8.57,8.2,23.809
6/14/18 12:00,6.5,2.2,36.4533
6/14/18 13:00,7.59,3.4,42.8045
6/14/18 14:00,7.88,0,43.2037
6/14/18 15:00,7.59,0,38.2727
6/14/18 16:00,9.28,1,32.8505
6/14/18 17:00,11.2,0.2,28.4109
6/14/18 18:00,10.8,0.2,24.116
6/14/18 19:00,11.5,0,20.2111
6/14/18 20:00,10.7,0,16.9165
6/14/18 21:00,12.6,7.4,21.2853
6/14/18 22:00,13.4,6.4,34.9738
6/14/18 23:00,11.8,6,49.6667
6/15/18 0:00,14,0.2,55.6566
6/15/18 1:00,12.6,0.2,50.8303
6/15/18 2:00,13.2,0,42.936
6/15/18 3:00,11.5,0,35.6604
6/15/18 4:00,12.2,0,29.5924
6/15/18 5:00,11.9,0,24.632
6/15/18 6:00,10.7,0,20.5738
6/15/18 7:00,10.5,0,17.2451
6/15/18 8:00,9.14,0,14.5069
6/15/18 9:00,9.3,0,12.2648
6/15/18 10:00,11.2,0,10.4194
6/15/18 11:00,9.18,0,8.8578
6/15/18 12:00,10.8,0.2,7.5184
6/15/18 13:00,9.13,0.2,6.4612
6/15/18 14:00,9.29,0,5.5775
6/15/18 15:00,9.81,0,4.8677
6/15/18 16:00,9.74,0,4.2668
6/15/18 17:00,10.03,1.4,4.0243
6/15/18 18:00,10.7,1.4,3.9363
6/15/18 19:00,12.2,1,4.3764
6/15/18 20:00,10.5,0,4.9606
6/15/18 21:00,12.8,0,4.7671
6/15/18 22:00,12.5,0,4.2366
6/15/18 23:00,11.4,0,3.6722
6/16/18 0:00,10.8,0,3.1685
6/16/18 1:00,10.2,0,2.8076
6/16/18 2:00,11.5,0,2.5106
6/16/18 3:00,10.7,2,3.3397
6/16/18 4:00,12.2,2.6,6.7894
6/16/18 5:00,11.8,2.2,11.9429
6/16/18 6:00,10.4,4.8,19.78
6/16/18 7:00,8.06,4.8,25.7011
6/16/18 8:00,7.38,3.2,28.0002
6/16/18 9:00,7.57,0.2,28.7375
6/16/18 10:00,7.48,0,25.9663
6/16/18 11:00,6.88,0,22.0529
6/16/18 12:00,7.62,0,18.4235
6/16/18 13:00,6.87,0,15.3768
6/16/18 14:00,6.63,1,13.3368
6/16/18 15:00,9.35,0,11.8386
6/16/18 16:00,8.43,1,10.9551
6/16/18 17:00,8.15,0.2,10.5061
6/16/18 18:00,8.4,1,10.3569
6/16/18 19:00,8.34,2.6,12.6852
6/16/18 20:00,8.64,0.4,15.2418
6/16/18 21:00,10.6,1.2,16.1128
6/16/18 22:00,9.59,1.2,15.7938
6/16/18 23:00,7.13,0,14.036
6/17/18 0:00,6.87,0,11.9731
6/17/18 1:00,6.56,0,10.1086
6/17/18 2:00,7.95,1.6,9.5828
6/17/18 3:00,7.46,2,11.46
6/17/18 4:00,6.79,0,13.0171
6/17/18 5:00,6.42,0,12.3094
6/17/18 6:00,6.56,0,10.7427
6/17/18 7:00,6.28,0,9.0947
6/17/18 8:00,6.63,0,7.7052
6/17/18 9:00,6.51,0,6.5318
6/17/18 10:00,6.68,0,5.5989
6/17/18 11:00,6.71,0,4.832
6/17/18 12:00,6.43,0,4.1995
6/17/18 13:00,6.39,0,3.674
6/17/18 14:00,6.95,0.4,3.2332
6/17/18 15:00,6.71,0,2.8638
6/17/18 16:00,6.37,0,2.5566
6/17/18 17:00,6.88,0,2.2978
6/17/18 18:00,7.48,0,2.0923
6/17/18 19:00,7.56,0,1.9135
6/17/18 20:00,7.58,0,1.7516
6/17/18 21:00,8.08,0,1.636
6/17/18 22:00,6.74,0,1.5297
6/17/18 23:00,7.21,0,1.4491
6/18/18 0:00,6.65,0,1.3789
6/18/18 1:00,6.37,0,1.319
6/18/18 2:00,7.1,3,2.9657
6/18/18 3:00,6.81,0.4,5.3172
6/18/18 4:00,6.25,0,6.1519
6/18/18 5:00,6.02,0,6.0114
6/18/18 6:00,5.83,0,5.3574
6/18/18 7:00,5.46,0,4.6174
6/18/18 8:00,4.62,0,3.9842
6/18/18 9:00,4.01,0,3.4665
6/18/18 10:00,5.65,0,3.0428
6/18/18 11:00,4.61,0,2.6943
6/18/18 12:00,5.05,0,2.4068
6/18/18 13:00,4.63,0,2.1671
6/18/18 14:00,5.41,0,1.9693
6/18/18 15:00,5.16,0,1.8076
6/18/18 16:00,5.24,0,1.6717
6/18/18 17:00,5.35,0,1.5609
6/18/18 18:00,4.96,0,1.4685
6/18/18 19:00,5.17,0,1.3909
6/18/18 20:00,5.22,0,1.325
6/18/18 21:00,4.81,0,1.2682
6/18/18 22:00,4.36,0,1.2194
6/18/18 23:00,3.96,0,1.1785
6/19/18 0:00,4.18,0,1.1443
6/19/18 1:00,4.31,0,1.1151
6/19/18 2:00,4.62,0,1.0901
6/19/18 3:00,4.21,0,1.0519
6/19/18 4:00,3.79,0,1.0336
6/19/18 5:00,3.16,0,1.0202
6/19/18 6:00,2.86,0,1.0083
6/19/18 7:00,3.85,0,0.9977
6/19/18 8:00,3.53,0,0.9879
6/19/18 9:00,3.11,0,0.9789
6/19/18 10:00,3.35,0,0.9698
6/19/18 11:00,3.24,0,0.9608
6/19/18 12:00,3.34,0,0.9527
6/19/18 13:00,3.45,0,0.9434
6/19/18 14:00,3.79,0,0.935
6/19/18 15:00,3.4,0,0.9294
6/19/18 16:00,3.58,0,0.9244
6/19/18 17:00,3.62,0,0.9194
6/19/18 18:00,3.22,0,0.9145
6/19/18 19:00,4.18,0,0.9096
6/19/18 20:00,4.4,0,0.9043
6/19/18 21:00,4.21,0,0.8984
6/19/18 22:00,3.53,0,0.8927
6/19/18 23:00,3.36,0,0.8881
6/20/18 0:00,3.67,0,0.8836
6/20/18 1:00,3.51,0,0.8791
6/20/18 2:00,3.78,0,0.8746
6/20/18 3:00,3.46,0,0.87
6/20/18 4:00,3.15,0,0.8654
6/20/18 5:00,3.73,0,0.8608
6/20/18 6:00,2.67,0,0.8562
6/20/18 7:00,3.41,0,0.8515
6/20/18 8:00,2.69,0,0.8468
6/20/18 9:00,3.18,0,0.8421
6/20/18 10:00,3.06,0,0.8374
6/20/18 11:00,2.97,0,0.8327
6/20/18 12:00,3.27,0,0.8279
6/20/18 13:00,3.21,0,0.8231
6/20/18 14:00,3.34,0,0.8184
6/20/18 15:00,4.4,0,0.8136
6/20/18 16:00,6.55,4.4,3.5213
6/20/18 17:00,4.21,16.6,22.6372
6/20/18 18:00,4.33,0.4,47.969
6/20/18 19:00,4.52,0.2,52.2452
6/20/18 20:00,4.14,0,45.8269
6/20/18 21:00,3.79,0,38.1994
6/20/18 22:00,3.85,0,31.5681
6/20/18 23:00,3.69,0,26.1348
6/21/18 0:00,3.77,0,21.7135
6/21/18 1:00,3.58,0,18.1086
6/21/18 2:00,3.87,0,15.1605
6/21/18 3:00,3.93,0,12.743
6/21/18 4:00,3.72,0,10.7552
6/21/18 5:00,3.59,0,9.1167
6/21/18 6:00,3.67,0,7.7594
6/21/18 7:00,3.49,0,6.6201
6/21/18 8:00,4.06,0,5.6957
6/21/18 9:00,4.46,0,4.9259
6/21/18 10:00,4.67,0,4.2826
6/21/18 11:00,4.35,0,3.7452
6/21/18 12:00,4.74,0,3.2943
6/21/18 13:00,5.72,0,2.915
6/21/18 14:00,7.31,0,2.5956
6/21/18 15:00,9.17,0,2.326
6/21/18 16:00,11.6,0,2.0972
6/21/18 17:00,23,34.2,33.6511
6/21/18 18:00,16.8,5.6,87.9896
6/21/18 19:00,78.5,1,104.7645
6/21/18 20:00,169,0.8,95.5969
6/21/18 21:00,166,0.2,81.3865
6/21/18 22:00,110,0,67.7075
6/21/18 23:00,75.5,0,55.951
6/22/18 0:00,44.5,0,46.2714
6/22/18 1:00,43.2,0,38.3568
6/22/18 2:00,30.8,0,31.8829
6/22/18 3:00,27.5,0,26.5878
6/22/18 4:00,30.1,0,22.26
6/22/18 5:00,30.6,0,18.7023
6/22/18 6:00,30,0,15.7677
6/22/18 7:00,25.2,0,13.3033
6/22/18 8:00,27.2,0,11.2992
6/22/18 9:00,34.5,0,9.6379
6/22/18 10:00,44,0,8.248
6/22/18 11:00,47.25,0,7.0826
6/22/18 12:00,50.5,0,6.1155
6/22/18 13:00,71.7,4.6,8.6365
6/22/18 14:00,64.4,0,12.38
6/22/18 15:00,68.2,0,12.7332
6/22/18 16:00,71.2,0,11.4227
6/22/18 17:00,60.2,16.2,25.5782
6/22/18 18:00,54.2,4.8,50.6468
6/22/18 19:00,70.3,0.4,60.2239
6/22/18 20:00,61,0.2,55.3585
6/22/18 21:00,80.2,0.2,46.9409
6/22/18 22:00,81.9,0,39.0663
6/22/18 23:00,87,0,32.3812
6/23/18 0:00,74.9,0,26.8832
6/23/18 1:00,76.1,0,22.3644
6/23/18 2:00,74.8,0,18.6498
6/23/18 3:00,67.6,0,15.5873
6/23/18 4:00,56.5,0,13.1101
6/23/18 5:00,53.3,0,11.0842
6/23/18 6:00,56.4,0,9.4127
6/23/18 7:00,59.6,0,8.0111
6/23/18 8:00,57.8,0,6.8624
6/23/18 9:00,51.7,0,5.9096
6/23/18 10:00,54.9,0,5.1114
6/23/18 11:00,52.8,0,4.4252
6/23/18 12:00,56.4,0,3.8591
6/23/18 13:00,51.3,0,3.3948
6/23/18 14:00,53.1,0,2.9748
6/23/18 15:00,51.2,0,2.6524
6/23/18 16:00,53.7,17.6,18.0646
6/23/18 17:00,53,7.8,48.8136
6/23/18 18:00,54.9,0.6,64.7225
6/23/18 19:00,54.3,0.2,61.4799
6/23/18 20:00,46.9,0,52.3547
6/23/18 21:00,51.7,0,43.4164
6/23/18 22:00,49.8,0,35.8854
6/23/18 23:00,42.3,0,29.7355
6/24/18 0:00,42,0,24.728
6/24/18 1:00,40.6,0,20.6244
6/24/18 2:00,37.4,0,17.2528
6/24/18 3:00,34.7,0,14.4764
6/24/18 4:00,31.3,0,12.2064
6/24/18 5:00,32.2,0,10.343
6/24/18 6:00,29,0,8.7833
6/24/18 7:00,27.1,0,7.5016
6/24/18 8:00,26.4,0,6.4448
6/24/18 9:00,24.4,0,5.5594
6/24/18 10:00,25.3,0,4.8202
6/24/18 11:00,24.9,0,4.1935
6/24/18 12:00,22.7,0,3.6715
6/24/18 13:00,24.2,0,3.239
6/24/18 14:00,25.7,0,2.8757
6/24/18 15:00,23.4,0,2.5688
6/24/18 16:00,24.7,0.2,2.3087
6/24/18 17:00,25,7.4,7.9034
6/24/18 18:00,22,8.2,23.8363
6/24/18 19:00,23.1,13,50.8349
6/24/18 20:00,18.8,13,69.3843
6/24/18 21:00,19.4,0,66.7349
6/24/18 22:00,17.3,0,56.712
6/24/18 23:00,18,0,46.9812
6/25/18 0:00,19,0,38.8032
6/25/18 1:00,18.2,0,32.1112
6/25/18 2:00,17.6,0,26.6558
6/25/18 3:00,15.4,1.2,22.552
6/25/18 4:00,14.7,0,19.3052
6/25/18 5:00,14.4,0,16.2988
6/25/18 6:00,15.2,0,13.7136
6/25/18 7:00,14.6,0,11.5752
6/25/18 8:00,12.3,0,9.8086
6/25/18 9:00,13.8,0,8.3369
6/25/18 10:00,12.8,0,7.1256
6/25/18 11:00,14.2,0.2,6.1225
6/25/18 12:00,15.4,0.2,5.2928
6/25/18 13:00,11.8,0,4.602
6/25/18 14:00,12.2,0,4.0235
6/25/18 15:00,13.6,0,3.5384
6/25/18 16:00,12.8,0,3.1315
6/25/18 17:00,11.2,0,2.788
6/25/18 18:00,12.3,0,2.4403
6/25/18 19:00,12.9,0,2.1313
6/25/18 20:00,13.2,0,1.828
6/25/18 21:00,12.7,0,1.6912
6/25/18 22:00,11.9,0,1.5736
6/25/18 23:00,12.6,0,1.4726
6/26/18 0:00,11.3,0,1.3844
6/26/18 1:00,11.1,0,1.3036
6/26/18 2:00,12.3,0,1.2289
6/26/18 3:00,10.9,0,1.1551
6/26/18 4:00,10.2,0,1.0819
6/26/18 5:00,9.97,0,1.0194
6/26/18 6:00,9.32,0,0.9636
6/26/18 7:00,10.4,0,0.9273
6/26/18 8:00,9.29,0,0.9061
6/26/18 9:00,8.37,0,0.8852
6/26/18 10:00,8.56,0,0.8657
6/26/18 11:00,9.4,0,0.8489
6/26/18 12:00,10.2,4.2,3.5468
6/26/18 13:00,8.92,0.2,7.0247
6/26/18 14:00,8.75,1,8.985
6/26/18 15:00,8.31,1.4,11.0744
6/26/18 16:00,7.69,1,12.8111
6/26/18 17:00,6.8,1,13.0382
6/26/18 18:00,7.14,1,11.7446
6/26/18 19:00,7.3,1,10.0403
6/26/18 20:00,7.52,0,8.4511
6/26/18 21:00,7.23,0,7.1118
6/26/18 22:00,7.48,0,6.0153
6/26/18 23:00,7.31,0,5.1174
6/27/18 0:00,6.45,0,4.3812
6/27/18 1:00,6.89,0,3.7767
6/27/18 2:00,7.16,0,3.2746
6/27/18 3:00,6.91,0,2.8631
6/27/18 4:00,6.57,0,2.5214
6/27/18 5:00,6.24,0,2.2368
6/27/18 6:00,6.47,0,1.9999
6/27/18 7:00,6.12,0,1.8032
6/27/18 8:00,6.79,0,1.6382
6/27/18 9:00,6.55,0,1.499
6/27/18 10:00,6.49,0,1.3806
6/27/18 11:00,6.35,0,1.2795
6/27/18 12:00,6.97,0,1.1939
6/27/18 13:00,6.84,0,1.0955
6/27/18 14:00,6.44,0,1.0397
6/27/18 15:00,6.25,1.2,0.9847
6/27/18 16:00,6.86,6,6.3553
6/27/18 17:00,7.18,2.6,15.9179
6/27/18 18:00,6.83,2.8,24.287
6/27/18 19:00,6.63,0.2,27.4188
6/27/18 20:00,6.96,0,25.2005
6/27/18 21:00,5.98,0,21.42
6/27/18 22:00,6.24,0,17.8405
6/27/18 23:00,6.18,0,14.8362
6/28/18 0:00,6.29,0,12.3799
6/28/18 1:00,6.12,0,10.3756
6/28/18 2:00,6.03,0,8.737
6/28/18 3:00,5.89,0,7.3944
6/28/18 4:00,5.76,0,6.2905
6/28/18 5:00,6.01,0,5.3802
6/28/18 6:00,6.1,0,4.6185
6/28/18 7:00,6.17,0,3.994
6/28/18 8:00,6.09,0,3.4759
6/28/18 9:00,6.3,0,3.0467
6/28/18 10:00,6.19,0,2.6879
6/28/18 11:00,6.26,0,2.3877
6/28/18 12:00,6.34,0,2.1366
6/28/18 13:00,6.37,0,1.9253
6/28/18 14:00,6.64,0,1.7471
6/28/18 15:00,6.52,0,1.5965
6/28/18 16:00,6.72,0,1.4687
6/28/18 17:00,7.74,0,1.3067
6/28/18 18:00,5.95,0,1.2014
6/28/18 19:00,6.52,0,1.1101
6/28/18 20:00,6.47,0,1.0566
6/28/18 21:00,6.31,0,1.011
6/28/18 22:00,6.37,0,0.9713
6/28/18 23:00,6.22,0,0.9364
6/29/18 0:00,5.86,0,0.9029
6/29/18 1:00,6.1,0,0.8714
6/29/18 2:00,6.48,0,0.8437
6/29/18 3:00,6.6,0,0.8141
6/29/18 4:00,6.35,0,0.7867
6/29/18 5:00,5.97,0,0.7663
6/29/18 6:00,5.63,0,0.7511
6/29/18 7:00,5.24,0,0.7411
6/29/18 8:00,6.22,0,0.7324
6/29/18 9:00,5.94,0,0.7242
6/29/18 10:00,5.69,0,0.7162
6/29/18 11:00,5,0,0.7066
6/29/18 12:00,5.52,0,0.6956
6/29/18 13:00,5.87,0,0.6873
6/29/18 14:00,5.81,0,0.6804
6/29/18 15:00,5.6,0,0.676
6/29/18 16:00,6.15,0,0.6718
6/29/18 17:00,5.76,0,0.6677
6/29/18 18:00,5.8,0,0.6637
6/29/18 19:00,5.95,0,0.6597
6/29/18 20:00,5.54,0,0.6558
6/29/18 21:00,5.68,0,0.652
6/29/18 22:00,6.35,0,0.6481
6/29/18 23:00,5.77,0,0.6444
6/30/18 0:00,5.59,0,0.6407
6/30/18 1:00,6.12,0,0.637
6/30/18 2:00,5.85,0,0.6333
6/30/18 3:00,5.74,0,0.6297
6/30/18 4:00,5.46,0,0.6261
6/30/18 5:00,4.88,0,0.6225
6/30/18 6:00,4.61,0,0.6189
6/30/18 7:00,4.77,0,0.6154
6/30/18 8:00,5.08,0,0.6118
6/30/18 9:00,4.89,0,0.608
6/30/18 10:00,5.75,0,0.6034
6/30/18 11:00,5.91,0,0.5992
6/30/18 12:00,5.62,0,0.5954
6/30/18 13:00,5.83,0.4,0.592
6/30/18 14:00,5.1,0,0.5888
6/30/18 15:00,5.18,0,0.5856
6/30/18 16:00,5.36,2.8,2.1081
6/30/18 17:00,5.04,0,3.9584
6/30/18 18:00,5.25,0,4.3468
6/30/18 19:00,5.16,0,4.3222
6/30/18 20:00,5.68,0,3.9027
6/30/18 21:00,5.32,0,3.3487
6/30/18 22:00,4.89,0,2.8684
6/30/18 23:00,4.92,0,2.4734
7/1/18 0:00,5.16,0,2.1499
7/1/18 1:00,4.93,0,1.8844
7/1/18 2:00,4.71,0,1.6658
7/1/18 3:00,4.44,0,1.4852
7/1/18 4:00,5,0,1.3355
7/1/18 5:00,4.45,0,1.211
7/1/18 6:00,4.55,0,1.1053
7/1/18 7:00,4.47,0,1.0192
7/1/18 8:00,4.68,0,0.9469
7/1/18 9:00,4.65,0,0.8861
7/1/18 10:00,4.76,0,0.8348
7/1/18 11:00,4.82,0,0.7912
7/1/18 12:00,5.94,0,0.7543
7/1/18 13:00,5.87,0,0.7229
7/1/18 14:00,4.9,0,0.696
7/1/18 15:00,5.12,0,0.6729
7/1/18 16:00,5.15,0,0.6531
7/1/18 17:00,5.31,0,0.6205
7/1/18 18:00,5.24,2,1.3081
7/1/18 19:00,5.42,2,2.1321
7/1/18 20:00,5.1,2.6,4.4221
7/1/18 21:00,4.98,0.2,7.3326
7/1/18 22:00,4.87,0,8.0251
7/1/18 23:00,4.93,0,7.4527
7/2/18 0:00,4.54,0,6.4045
7/2/18 1:00,4.75,0,5.3835
7/2/18 2:00,4.67,0,4.5359
7/2/18 3:00,4.81,0,3.8447
7/2/18 4:00,4.92,0,3.2815
7/2/18 5:00,4.86,0,2.82
7/2/18 6:00,4.65,0,2.4412
7/2/18 7:00,4.79,0,2.1294
7/2/18 8:00,4.24,0,1.8708
7/2/18 9:00,4.55,0,1.6577
7/2/18 10:00,3.74,0,1.4772
7/2/18 11:00,4.22,0,1.3296
7/2/18 12:00,3.8,0,1.2069
7/2/18 13:00,8.35,0,1.1043
7/2/18 14:00,6.03,0,1.0183
7/2/18 15:00,5.59,0,0.9458
7/2/18 16:00,4.65,0,0.8847
7/2/18 17:00,6.6,0,0.833
7/2/18 18:00,6.01,0,0.7891
7/2/18 19:00,6.23,0,0.7448
7/2/18 20:00,6.34,0,0.7144
7/2/18 21:00,7.67,0,0.6664
7/2/18 22:00,6.71,0,0.6474
7/2/18 23:00,4.8,0,0.6313
7/3/18 0:00,6.48,0,0.6176
7/3/18 1:00,4.79,0,0.6055
7/3/18 2:00,4.52,0,0.5946
7/3/18 3:00,4.38,0,0.5844
7/3/18 4:00,4.43,0,0.5754
7/3/18 5:00,5.48,0,0.5656
7/3/18 6:00,4.65,0,0.5578
7/3/18 7:00,4.79,0,0.5502
7/3/18 8:00,4.91,0,0.5413
7/3/18 9:00,3.64,0,0.5362
7/3/18 10:00,3.8,0,0.5324
7/3/18 11:00,4.06,8.4,6.9973
7/3/18 12:00,4.25,8.4,15.6753
7/3/18 13:00,4.14,1.2,19.5516
7/3/18 14:00,5.87,0,19.3534
7/3/18 15:00,5.35,0,16.8869
7/3/18 16:00,5.44,0,14.162
7/3/18 17:00,5.07,0,11.7883
7/3/18 18:00,5.17,0,9.8243
7/3/18 19:00,5.58,0,8.2215
7/3/18 20:00,5.46,0,6.9118
7/3/18 21:00,5.87,0,5.8384
7/3/18 22:00,6.3,0,4.9569
7/3/18 23:00,6.44,0,4.231
7/4/18 0:00,5.2,0,3.6309
7/4/18 1:00,5.39,0,3.126
7/4/18 2:00,5.25,0,2.7166
7/4/18 3:00,4.79,0,2.3739
7/4/18 4:00,5.34,0,2.089
7/4/18 5:00,5.13,0,1.8507
7/4/18 6:00,4.12,0,1.6509
7/4/18 7:00,4.28,0,1.4827
7/4/18 8:00,4.71,0,1.341
7/4/18 9:00,5.04,0,1.2212
7/4/18 10:00,5.84,0,1.1197
7/4/18 11:00,5.65,0,1.0335
7/4/18 12:00,5.79,0,0.8954
7/4/18 13:00,5.82,0,0.8447
7/4/18 14:00,6.6,0,0.7913
7/4/18 15:00,6.42,0,0.7558
7/4/18 16:00,6.58,0,0.7245
7/4/18 17:00,6.31,0,0.6971
7/4/18 18:00,6.89,0,0.6731
7/4/18 19:00,7.09,0,0.6493
7/4/18 20:00,6.93,0,0.6258
7/4/18 21:00,7.12,0,0.6097
7/4/18 22:00,6.69,0,0.5899
7/4/18 23:00,6.43,0,0.5669
7/5/18 0:00,6.32,0,0.5545
7/5/18 1:00,5.29,0,0.5457
7/5/18 2:00,4.96,0,0.5387
7/5/18 3:00,4.89,0,0.5328
7/5/18 4:00,4.66,0,0.5273
7/5/18 5:00,5.33,0,0.5222
7/5/18 6:00,4.59,0,0.5161
7/5/18 7:00,4.46,0,0.5072
7/5/18 8:00,4.86,0,0.5011
7/5/18 9:00,4.75,0,0.4974
7/5/18 10:00,5.87,4,2.9064
7/5/18 11:00,5.7,1,6.7186
7/5/18 12:00,5.63,0.4,9.0013
7/5/18 13:00,6.66,0,9.4909
7/5/18 14:00,5.83,0,8.507
7/5/18 15:00,5.58,0,7.2033
7/5/18 16:00,5.39,0,6.0385
7/5/18 17:00,5.48,0,5.0722
7/5/18 18:00,5.21,0,4.2831
7/5/18 19:00,6.21,20.2,22.3142
7/5/18 20:00,6.04,1.8,50.9514
7/5/18 21:00,6.83,0.6,58.666
7/5/18 22:00,6.91,0,52.8469
7/5/18 23:00,6.61,0,44.3754
7/6/18 0:00,5.34,0,36.6645
7/6/18 1:00,4.56,0,30.2816
7/6/18 2:00,4.37,0,25.0789
7/6/18 3:00,5.38,0,20.8389
7/6/18 4:00,5.44,0,17.3747
7/6/18 5:00,5.28,0,14.5361
7/6/18 6:00,4.86,0,12.204
7/6/18 7:00,4.66,0,10.2834
7/6/18 8:00,5.08,0,8.6977
7/6/18 9:00,5.66,0,7.3631
7/6/18 10:00,5.39,0,6.2805
7/6/18 11:00,5.25,0,5.3567
7/6/18 12:00,5.92,0,4.6034
7/6/18 13:00,5.78,0,3.9795
7/6/18 14:00,5.83,0,3.4609
7/6/18 15:00,5.69,0,3.0255
7/6/18 16:00,5.72,0,2.659
7/6/18 17:00,5.63,0,2.3499
7/6/18 18:00,5.81,0,2.0866
7/6/18 19:00,5.74,0,1.8639
7/6/18 20:00,6.27,0.2,1.4961
7/6/18 21:00,6.18,0,1.3501
7/6/18 22:00,6.34,0,1.2382
7/6/18 23:00,6.78,3.8,3.6367
7/7/18 0:00,6.92,0,6.7129
7/7/18 1:00,6.02,0,7.5088
7/7/18 2:00,7.16,0,7.1019
7/7/18 3:00,5.9,0,6.1449
7/7/18 4:00,6.23,0,5.1808
7/7/18 5:00,5.94,0,4.354
7/7/18 6:00,5.69,0,3.6886
7/7/18 7:00,6.21,0,3.1597
7/7/18 8:00,6.03,0,2.7278
7/7/18 9:00,5.86,0,2.3726
7/7/18 10:00,6.26,0,2.0794
7/7/18 11:00,6.05,0,1.8362
7/7/18 12:00,6.44,0,1.6339
7/7/18 13:00,6.36,0,1.4554
7/7/18 14:00,7.88,0,1.3051
7/7/18 15:00,7.52,0,1.184
7/7/18 16:00,6.69,0,1.0865
7/7/18 17:00,6.84,0,1.0049
7/7/18 18:00,6.58,0,0.9361
7/7/18 19:00,6.67,0.6,0.8778
7/7/18 20:00,7.08,0.6,0.8286
7/7/18 21:00,6.93,0.8,1.3487
7/7/18 22:00,6.98,0.2,2.0685
7/7/18 23:00,6.81,0,2.1924
7/8/18 0:00,6.95,0,2.0597
7/8/18 1:00,6.73,0,1.9052
7/8/18 2:00,6.42,0,1.6974
7/8/18 3:00,6.18,0,1.4973
7/8/18 4:00,5.94,0,1.3314
7/8/18 5:00,5.86,0,1.1963
7/8/18 6:00,5.79,0,1.086
7/8/18 7:00,6.05,8.4,7.8659
7/8/18 8:00,6.53,8.6,25.3826
7/8/18 9:00,5.46,1,41.1815
7/8/18 10:00,5.51,0,42.5334
7/8/18 11:00,5.73,0,37.0624
7/8/18 12:00,5.71,0,30.8805
7/8/18 13:00,6.57,0,25.5327
7/8/18 14:00,6.29,0,21.1455
7/8/18 15:00,6.18,0,17.5729
7/8/18 16:00,6.35,0,14.6573
7/8/18 17:00,6.88,1.8,13.2097
7/8/18 18:00,6.83,0,12.4159
7/8/18 19:00,6.79,0,10.9135
7/8/18 20:00,6.92,0,9.2976
7/8/18 21:00,6.77,0,7.8626
7/8/18 22:00,6.86,0,6.6508
7/8/18 23:00,6.71,0,5.6651
7/9/18 0:00,6.92,0,4.8521
7/9/18 1:00,6.73,0,4.1797
7/9/18 2:00,6.29,0,3.6212
7/9/18 3:00,5.91,0,3.1563
7/9/18 4:00,5.54,0,2.7688
7/9/18 5:00,5.18,0,2.4445
7/9/18 6:00,5.43,0.2,2.1724
7/9/18 7:00,5.88,0,1.9428
7/9/18 8:00,6.63,0,1.6832
7/9/18 9:00,6.16,0,1.4569
7/9/18 10:00,5.73,0,1.3367
7/9/18 11:00,6.44,0,1.243
7/9/18 12:00,6.13,0,1.1634
7/9/18 13:00,6.67,6,5.6008
7/9/18 14:00,6.71,0,11.4483
7/9/18 15:00,6.54,0,13.154
7/9/18 16:00,6.31,0,12.1914
7/9/18 17:00,6.42,2,11.9311
7/9/18 18:00,5.47,1.4,13.472
7/9/18 19:00,5.25,0.2,14.1664
7/9/18 20:00,6.64,0,13.0381
7/9/18 21:00,6.41,0,11.2207
7/9/18 22:00,5.82,0,9.441
7/9/18 23:00,5.89,0,7.9247
7/10/18 0:00,5.94,2,8.0952
7/10/18 1:00,5.81,3.4,12.0701
7/10/18 2:00,5.72,6.2,21.9205
7/10/18 3:00,5.67,2.2,32.3036
7/10/18 4:00,5.6,6,40.9028
7/10/18 5:00,4.95,9.4,55.3003
7/10/18 6:00,5.53,3,67.7607
7/10/18 7:00,7.07,0.4,67.4983
7/10/18 8:00,14.8,0,59.1111
7/10/18 9:00,25.9,0,49.4137
7/10/18 10:00,29.5,0,40.8997
7/10/18 11:00,34.7,0,33.8748
7/10/18 12:00,32.5,0,28.1403
7/10/18 13:00,33.8,0,23.4555
7/10/18 14:00,26.8,0,19.5723
7/10/18 15:00,23,0,16.4256
7/10/18 16:00,18.2,0,13.8329
7/10/18 17:00,15.8,0,11.6989
7/10/18 18:00,16.3,0,9.9146
7/10/18 19:00,17.4,0.8,8.4347
7/10/18 20:00,17.8,0.2,7.2248
7/10/18 21:00,15.7,0,6.2172
7/10/18 22:00,16.5,0,5.3764
7/10/18 23:00,15.4,0.2,4.666
7/11/18 0:00,16.7,0,4.0757
7/11/18 1:00,13.4,1.4,4.3493
7/11/18 2:00,10.7,0,4.8534
7/11/18 3:00,9.78,0,4.5264
7/11/18 4:00,8.95,0,3.9966
7/11/18 5:00,10.1,0.2,3.446
7/11/18 6:00,8.94,0,2.9333
7/11/18 7:00,9.29,0,2.5632
7/11/18 8:00,8.75,0,2.2816
7/11/18 9:00,8.13,0,2.0508
7/11/18 10:00,9.27,1.6,2.6498
7/11/18 11:00,8.75,1,4.2645
7/11/18 12:00,8.71,0,5.2355
7/11/18 13:00,6.35,0,5.1189
7/11/18 14:00,6.43,0,4.6382
7/11/18 15:00,6.79,0,4.0312
7/11/18 16:00,6.63,0.4,3.4628
7/11/18 17:00,6.34,0,2.9983
7/11/18 18:00,6.61,0,2.6211
7/11/18 19:00,6.82,0,2.3117
7/11/18 20:00,6.73,0,2.0558
7/11/18 21:00,6.88,0,1.8452
7/11/18 22:00,5.67,15.2,15.2167
7/11/18 23:00,6.33,2,36.6856
7/12/18 0:00,6.31,0.2,43.7726
7/12/18 1:00,5.82,0,39.7709
7/12/18 2:00,5.44,0.2,33.4511
7/12/18 3:00,5.58,0,27.7078
7/12/18 4:00,5.69,0.2,22.9593
7/12/18 5:00,5.83,0.6,19.5652
7/12/18 6:00,6.08,0,16.981
7/12/18 7:00,6.22,0,14.4194
7/12/18 8:00,5.82,0,12.1408
7/12/18 9:00,6.04,0,10.2431
7/12/18 10:00,5.91,0,8.6784
7/12/18 11:00,6.26,1.8,8.5124
7/12/18 12:00,5.26,0,8.8406
7/12/18 13:00,5.73,2.2,10.081
7/12/18 14:00,5.55,0.4,11.8767
7/12/18 15:00,5.68,1.6,13.2132
7/12/18 16:00,5.77,2,15.759
7/12/18 17:00,6.08,2,17.1011
7/12/18 18:00,5.72,0,15.7952
7/12/18 19:00,5.89,0,13.6009
7/12/18 20:00,5.68,0,11.4642
7/12/18 21:00,5.91,0,9.643
7/12/18 22:00,6.78,0,8.1493
7/12/18 23:00,6.71,0,6.7958
7/13/18 0:00,7.07,0,5.799
7/13/18 1:00,8.62,0,4.9951
7/13/18 2:00,8.5,1.6,4.8552
7/13/18 3:00,9.38,0,4.9487
7/13/18 4:00,8.47,0,4.5812
7/13/18 5:00,9.16,0,4.0783
7/13/18 6:00,7.5,0,3.5712
7/13/18 7:00,7.1,0,3.135
7/13/18 8:00,7.17,0,2.7569
7/13/18 9:00,6.88,0,2.4463
7/13/18 10:00,7.84,0,2.2023
7/13/18 11:00,6.48,0,2.0037
7/13/18 12:00,6.8,0,1.8281
7/13/18 13:00,6.94,0,1.6919
7/13/18 14:00,6.35,0.4,1.5597
7/13/18 15:00,6.41,0,1.4647
7/13/18 16:00,5.98,0,1.3686
7/13/18 17:00,5.83,0,1.2812
7/13/18 18:00,6.12,5.8,5.556
7/13/18 19:00,6.88,2.4,13.4069
7/13/18 20:00,6.7,5,23.1434
7/13/18 21:00,6.77,2.8,32.3109
7/13/18 22:00,5.89,0,34.7755
7/13/18 23:00,6.6,0,31.3416
7/14/18 0:00,6.44,0.2,26.4789
7/14/18 1:00,6.19,0.2,22.0405
7/14/18 2:00,5.97,0,18.3467
7/14/18 3:00,6.14,0,15.3276
7/14/18 4:00,6.09,0,12.8682
7/14/18 5:00,6.31,0,10.8552
7/14/18 6:00,5.68,0,9.203
7/14/18 7:00,5.69,0,7.8427
7/14/18 8:00,5.72,0,6.7158
7/14/18 9:00,5.94,0,5.7871
7/14/18 10:00,5.85,0,5.0138
7/14/18 11:00,6.67,0,4.3763
7/14/18 12:00,6.57,0,3.8489
7/14/18 13:00,6.65,7.8,9.731
7/14/18 14:00,6.21,0.2,18.1293
7/14/18 15:00,6.33,0,19.9949
7/14/18 16:00,6.29,6,23.948
7/14/18 17:00,7.12,18.2,47.8765
7/14/18 18:00,8.13,0,72.5092
7/14/18 19:00,8.52,0,72.2955
7/14/18 20:00,12.7,13.8,76.3494
7/14/18 21:00,18.6,0.6,85.3045
7/14/18 22:00,21.9,0,79.5053
7/14/18 23:00,16.9,0,67.3693
7/15/18 0:00,17.6,0,55.901
7/15/18 1:00,15.8,0,46.302
7/15/18 2:00,16.1,0,38.4463
7/15/18 3:00,12.9,0,32.0181
7/15/18 4:00,10.7,0,26.7595
7/15/18 5:00,13.1,0.2,22.4433
7/15/18 6:00,11.7,0,18.8866
7/15/18 7:00,12.6,0.4,15.9451
7/15/18 8:00,13.5,0,13.5415
7/15/18 9:00,13.8,0,11.5495
7/15/18 10:00,14,0,9.8789
7/15/18 11:00,16.2,4.4,12.0105
7/15/18 12:00,18.1,0.4,15.7351
7/15/18 13:00,16.9,0,15.9359
7/15/18 14:00,16.3,0.2,14.1436
7/15/18 15:00,15.8,0,12.0903
7/15/18 16:00,15.4,0,10.2521
7/15/18 17:00,16.5,0,8.6708
7/15/18 18:00,19.8,0,7.2578
7/15/18 19:00,20.1,0,6.259
7/15/18 20:00,18.2,0,5.435
7/15/18 21:00,21.3,0,4.625
7/15/18 22:00,22.7,0,4.0713
7/15/18 23:00,20.3,0,3.6068
7/16/18 0:00,21.9,0,3.2201
7/16/18 1:00,19.6,0.8,2.8847
7/16/18 2:00,21.7,0,2.6047
7/16/18 3:00,20.8,0,2.3518
7/16/18 4:00,18.4,0,2.1409
7/16/18 5:00,17.6,0,1.9828
7/16/18 6:00,16.3,0,1.8407
7/16/18 7:00,16.9,0,1.7152
7/16/18 8:00,14.5,0,1.6204
7/16/18 9:00,12.3,0,1.5463
7/16/18 10:00,13.5,0,1.4811
7/16/18 11:00,12.2,0,1.417
7/16/18 12:00,14.8,0,1.3266
7/16/18 13:00,11.6,0,1.2863
7/16/18 14:00,12,0,1.2546
7/16/18 15:00,11.3,0,1.2233
7/16/18 16:00,11.8,0,1.199
7/16/18 17:00,9.99,0,1.1817
7/16/18 18:00,9.6,0,1.1663
7/16/18 19:00,10.1,0,1.1507
7/16/18 20:00,10.4,0,1.1363
7/16/18 21:00,11.4,0,1.1235
7/16/18 22:00,8.65,0.8,1.109
7/16/18 23:00,8.78,3,3.4005
7/17/18 0:00,7.05,3.6,9.5546
7/17/18 1:00,7.26,0.2,15.0704
7/17/18 2:00,7.18,0,15.9341
7/17/18 3:00,6.62,4.2,18.223
7/17/18 4:00,6.74,2,23.2343
7/17/18 5:00,6.82,0.2,24.9148
7/17/18 6:00,6.94,0.4,23.0355
7/17/18 7:00,7.55,5.2,25.268
7/17/18 8:00,6.61,19.8,49.5961
7/17/18 9:00,5.59,7,83.5635
7/17/18 10:00,5.55,9.4,103.6894
7/17/18 11:00,6.74,4.4,111.7853
7/17/18 12:00,7.28,4.8,110.8407
7/17/18 13:00,52.7,4,106.7636
7/17/18 14:00,77.8,3.6,101.4725
7/17/18 15:00,98.4,3.8,96.2469
7/17/18 16:00,110,3.6,91.7933
7/17/18 17:00,85.1,4,88.3671
7/17/18 18:00,67.1,1.4,83.31
7/17/18 19:00,55.6,5,79.1225
7/17/18 20:00,52.7,2.8,77.5361
7/17/18 21:00,37.4,2,73.8069
7/17/18 22:00,33.1,1,67.3557
7/17/18 23:00,32.7,0.4,59.1329
7/18/18 0:00,30.9,0,50.3466
7/18/18 1:00,29.5,0,42.1796
7/18/18 2:00,30,0,35.2556
7/18/18 3:00,32.8,1.6,30.7488
7/18/18 4:00,33.8,3.8,31.4171
7/18/18 5:00,32.7,6,38.9671
7/18/18 6:00,33,1,45.2629
7/18/18 7:00,35.6,2.8,46.1965
7/18/18 8:00,31.7,2.4,46.4312
7/18/18 9:00,29.7,10.4,54.8681
7/18/18 10:00,32,1.8,65.4782
7/18/18 11:00,71.1,10.2,74.5598
7/18/18 12:00,302,3,83.2766
7/18/18 13:00,279,0.2,80.1796
7/18/18 14:00,181,0.2,69.3034
7/18/18 15:00,132,0,57.8171
7/18/18 16:00,92,0,47.9375
7/18/18 17:00,60.7,0,39.7898
7/18/18 18:00,54.4,0.4,33.1191
7/18/18 19:00,54.9,0,27.6913
7/18/18 20:00,60.7,0,23.2106
7/18/18 21:00,49.3,0,19.5428
7/18/18 22:00,46.4,0,16.5259
7/18/18 23:00,52.1,0,14.0315
7/19/18 0:00,41.4,0,11.9781
7/19/18 1:00,40.5,0,10.2544
7/19/18 2:00,38.1,0,8.8228
7/19/18 3:00,39.6,0,7.6329
7/19/18 4:00,32.5,0,6.6293
7/19/18 5:00,33.6,0,5.7636
7/19/18 6:00,34,1.6,5.4503
7/19/18 7:00,33.3,0,5.4238
7/19/18 8:00,31.9,0.4,5.1989
7/19/18 9:00,32.5,0,4.8994
7/19/18 10:00,31.2,0,4.3302
7/19/18 11:00,31.3,0,3.8421
7/19/18 12:00,33.6,0,3.3423
7/19/18 13:00,33.7,5,7.2239
7/19/18 14:00,31,2.4,14.82
7/19/18 15:00,27.6,0,18.9764
7/19/18 16:00,29.1,1.8,19.9088
7/19/18 17:00,25.5,0.4,19.855
7/19/18 18:00,27.6,0,18.0496
7/19/18 19:00,28.7,3.2,18.5019
7/19/18 20:00,28.9,1,20.9207
7/19/18 21:00,27.4,0.8,21.4201
7/19/18 22:00,26.9,0.4,20.2803
7/19/18 23:00,26.1,0,18.0255
7/20/18 0:00,27.5,0.6,15.7745
7/20/18 1:00,28.1,0.8,14.5452
7/20/18 2:00,25.8,2.8,16.1626
7/20/18 3:00,26.1,1.2,19.1776
7/20/18 4:00,24.5,13,32.8024
7/20/18 5:00,25.7,7.4,56.5274
7/20/18 6:00,24.8,4,71.3809
7/20/18 7:00,96.3,1,72.4592
7/20/18 8:00,67.6,0,64.7061
7/20/18 9:00,70.1,0,54.5287
7/20/18 10:00,60.5,0,45.2581
7/20/18 11:00,45.8,0.2,37.5447
7/20/18 12:00,38.5,0.8,31.7124
7/20/18 13:00,37.1,0,27.1289
7/20/18 14:00,34.6,0,22.8785
7/20/18 15:00,30.3,3.6,22.6002
7/20/18 16:00,31.5,0.2,24.084
7/20/18 17:00,28.9,3.4,25.777
7/20/18 18:00,29.6,2,29.1452
7/20/18 19:00,31.8,0,29.4487
7/20/18 20:00,34.6,0.2,26.2409
7/20/18 21:00,32.4,0.2,22.3643
7/20/18 22:00,33.6,12.2,31.3622
7/20/18 23:00,36.7,2.2,47.3103
7/21/18 0:00,47.4,1.2,51.6023
7/21/18 1:00,71.5,0.2,47.5047
7/21/18 2:00,62.8,5.8,46.6756
7/21/18 3:00,57.2,1.6,49.4331
7/21/18 4:00,53.8,0.6,47.448
7/21/18 5:00,52.9,0.2,41.7626
7/21/18 6:00,45,0,35.3494
7/21/18 7:00,38.5,0.4,29.718
7/21/18 8:00,30.8,0.4,25.0901
7/21/18 9:00,30,4,25.0278
7/21/18 10:00,28.2,11,38.1851
7/21/18 11:00,28.9,4.6,56.2832
7/21/18 12:00,26.8,6,67.7115
7/21/18 13:00,27.1,0.2,69.7966
7/21/18 14:00,27.4,0.6,62.7369
7/21/18 15:00,32.9,4.4,58.0522
7/21/18 16:00,38.7,2,57.2443
7/21/18 17:00,41.2,0.8,53.9101
7/21/18 18:00,52.3,6.8,54.6269
7/21/18 19:00,40.1,1.2,57.836
7/21/18 20:00,45.6,0.2,54.1288
7/21/18 21:00,44.7,4.2,50.9293
7/21/18 22:00,35.5,4.2,49.0499
7/21/18 23:00,37.1,4.2,43.2311
7/22/18 0:00,43.7,0.2,36.4805
7/22/18 1:00,44.1,1,31.3152
7/22/18 2:00,56.8,10.2,37.9416
7/22/18 3:00,65,5,53.1557
7/22/18 4:00,57.9,1.6,60.1222
7/22/18 5:00,90.7,0.2,56.7015
7/22/18 6:00,125,0,48.8351
7/22/18 7:00,88.6,0,40.8395
7/22/18 8:00,64.5,0,33.9965
7/22/18 9:00,60.7,0,28.3878
7/22/18 10:00,48.6,3.4,26.7252
7/22/18 11:00,39.9,0.2,26.7816
7/22/18 12:00,39.1,0,24.2936
7/22/18 13:00,31.8,0,20.7997
7/22/18 14:00,34.4,0,17.6057
7/22/18 15:00,32.8,0,14.8959
7/22/18 16:00,30.5,0,12.6087
7/22/18 17:00,31.6,0,10.7524
7/22/18 18:00,32.3,0,9.2255
7/22/18 19:00,30.6,0,7.8978
7/22/18 20:00,33.1,0,6.8309
7/22/18 21:00,39.9,0,5.9637
7/22/18 22:00,37.5,0,5.2094
7/22/18 23:00,39.5,0,4.6225
7/23/18 0:00,38.1,0,4.1289
7/23/18 1:00,37.6,0,3.7128
7/23/18 2:00,38.4,0,3.351
7/23/18 3:00,35.8,0,2.9621
7/23/18 4:00,36.9,0,2.6702
7/23/18 5:00,41.2,0,2.4565
7/23/18 6:00,30.3,0,2.2967
7/23/18 7:00,35.5,0,2.1597
7/23/18 8:00,29.7,0,2.045
7/23/18 9:00,29.3,0,1.9473
7/23/18 10:00,28.7,0,1.8558
7/23/18 11:00,30.2,0,1.7498
7/23/18 12:00,29.4,0,1.675
7/23/18 13:00,27.3,0,1.6053
7/23/18 14:00,26.1,0,1.5538
7/23/18 15:00,28.4,0,1.5154
7/23/18 16:00,28.8,0,1.485
7/23/18 17:00,28,0,1.4604
7/23/18 18:00,25.4,0,1.4371
7/23/18 19:00,28.1,0,1.4154
7/23/18 20:00,25.6,0,1.3918
7/23/18 21:00,26.8,0,1.3651
7/23/18 22:00,23,0.2,1.3449
7/23/18 23:00,26.9,0,1.332
7/24/18 0:00,24.6,0,1.3219
7/24/18 1:00,25.8,0,1.3125
7/24/18 2:00,25.2,0.2,1.3025
7/24/18 3:00,25.7,0,1.2921
7/24/18 4:00,26.4,0,1.2819
7/24/18 5:00,21.1,1.4,1.5381
7/24/18 6:00,21.8,0.4,2.1265
7/24/18 7:00,17.3,0,2.4937
7/24/18 8:00,16.3,0,2.4983
7/24/18 9:00,14.2,0,2.3875
7/24/18 10:00,13,0,2.2225
7/24/18 11:00,13.7,0,2.0482
7/24/18 12:00,13.9,0,1.8986
7/24/18 13:00,12.5,0,1.7761
7/24/18 14:00,13.1,0,1.6757
7/24/18 15:00,12.6,0,1.5935
7/24/18 16:00,13.7,0,1.5259
7/24/18 17:00,12.2,0,1.47
7/24/18 18:00,11.2,0,1.4227
7/24/18 19:00,12.6,0,1.3815
7/24/18 20:00,11.4,0,1.3471
7/24/18 21:00,12.1,0,1.3194
7/24/18 22:00,12.5,0,1.2962
7/24/18 23:00,11.4,0,1.2765
7/25/18 0:00,11.7,0,1.2594
7/25/18 1:00,11.2,0,1.2446
7/25/18 2:00,10.8,0,1.2315
7/25/18 3:00,10.4,0,1.2197
7/25/18 4:00,9.71,0,1.2093
7/25/18 5:00,9.45,0,1.2
7/25/18 6:00,8.92,0,1.189
7/25/18 7:00,8.72,0,1.179
7/25/18 8:00,8.33,0,1.1727
7/25/18 9:00,8.6,0,1.1667
7/25/18 10:00,8.35,0,1.1609
7/25/18 11:00,8.29,0,1.1553
7/25/18 12:00,7.54,0,1.1498
7/25/18 13:00,7.27,1,1.1443
7/25/18 14:00,7.3,0,1.1389
7/25/18 15:00,8.17,0,1.1338
7/25/18 16:00,7.62,1.8,2.2741
7/25/18 17:00,8.71,15.8,18.4632
7/25/18 18:00,9.1,27.4,69.9386
7/25/18 19:00,11.3,5,119.418
7/25/18 20:00,39.1,3.4,129.3708
7/25/18 21:00,82.4,2.4,120.2457
7/25/18 22:00,60.6,0.8,106.1452
7/25/18 23:00,47.9,0.8,90.2507
7/26/18 0:00,27,0,75.0963
7/26/18 1:00,28.4,0,62.1737
7/26/18 2:00,25.4,0,51.5527
7/26/18 3:00,22.5,0,42.8719
7/26/18 4:00,24.6,0,35.7688
7/26/18 5:00,18.4,0,29.9423
7/26/18 6:00,19.1,0,25.1496
7/26/18 7:00,20.4,0,21.1827
7/26/18 8:00,19.4,0,17.8949
7/26/18 9:00,20.6,0,15.2024
7/26/18 10:00,22.5,0,12.9683
7/26/18 11:00,24.6,0,11.1101
7/26/18 12:00,28.2,0,9.5621
7/26/18 13:00,38.8,0,8.2688
7/26/18 14:00,38.6,0,7.1853
7/26/18 15:00,37.4,0.4,6.2758
7/26/18 16:00,34.1,0,5.5109
7/26/18 17:00,35.5,0,4.8549
7/26/18 18:00,34.6,0,4.1702
7/26/18 19:00,35.7,0.2,3.4884
7/26/18 20:00,37.1,0.2,3.1218
7/26/18 21:00,40.9,0.2,2.8266
7/26/18 22:00,41.2,0,2.5842
7/26/18 23:00,37.2,0,2.3899
7/27/18 0:00,39.1,0,2.227
7/27/18 1:00,35.8,0,2.0745
7/27/18 2:00,30.6,0,1.9265
7/27/18 3:00,34.3,0,1.7851
7/27/18 4:00,34,0,1.641
7/27/18 5:00,28.5,0,1.5253
7/27/18 6:00,26.8,0,1.4524
7/27/18 7:00,25.8,0,1.3993
7/27/18 8:00,27.2,0,1.3557
7/27/18 9:00,26.5,0,1.3198
7/27/18 10:00,23.3,0,1.2887
7/27/18 11:00,22,0,1.2555
7/27/18 12:00,22.9,0,1.2136
7/27/18 13:00,22.1,0,1.1714
7/27/18 14:00,21.2,0,1.143
7/27/18 15:00,20.8,1,1.1252
7/27/18 16:00,21.4,0,1.1106
7/27/18 17:00,23.1,0,1.0985
7/27/18 18:00,21.1,0,1.0884
7/27/18 19:00,19.6,0,1.0794
7/27/18 20:00,23.7,0,1.0711
7/27/18 21:00,22.4,0,1.0634
7/27/18 22:00,19.2,0,1.0564
7/27/18 23:00,18.4,0,1.0498
7/28/18 0:00,15.3,0,1.0436
7/28/18 1:00,17.2,0,1.0376
7/28/18 2:00,15.3,0.4,1.0319
7/28/18 3:00,15.6,0,1.0265
7/28/18 4:00,15.7,0.4,1.0215
7/28/18 5:00,14.3,0,1.0168
7/28/18 6:00,15.2,0,1.0126
7/28/18 7:00,15.3,0,1.0087
7/28/18 8:00,15.5,0,1.0052
7/28/18 9:00,15.6,0,1.0012
7/28/18 10:00,15.4,0,0.9947
7/28/18 11:00,13.8,0,0.9856
7/28/18 12:00,13.5,0,0.9788
7/28/18 13:00,15,0,0.9755
7/28/18 14:00,12.4,0.4,0.9727
7/28/18 15:00,13.7,0,0.9704
7/28/18 16:00,12.5,0,0.9685
7/28/18 17:00,11.9,0,0.9668
7/28/18 18:00,12.6,0,0.9651
7/28/18 19:00,13.1,0,0.9634
7/28/18 20:00,12.4,1,0.9616
7/28/18 21:00,12.8,0.2,0.9598
7/28/18 22:00,11.2,0,0.9581
7/28/18 23:00,11.8,0,0.9566
7/29/18 0:00,12.4,0,0.9553
7/29/18 1:00,13.6,0,0.9541
7/29/18 2:00,14.1,0,0.9531
7/29/18 3:00,15.8,0,0.9522
7/29/18 4:00,17.4,0,0.9515
7/29/18 5:00,20.1,0,0.9508
7/29/18 6:00,19.6,0,0.9502
7/29/18 7:00,16.5,0.2,0.9496
7/29/18 8:00,17.4,0,0.949
7/29/18 9:00,15.6,0,0.9484
7/29/18 10:00,14.7,0,0.9477
7/29/18 11:00,14.4,0,0.9469
7/29/18 12:00,15.2,0,0.9459
7/29/18 13:00,13.4,0,0.9448
7/29/18 14:00,13.6,0,0.9435
7/29/18 15:00,12.8,0,0.9421
7/29/18 16:00,13.4,0,0.9406
7/29/18 17:00,12.8,6.8,6.1328
7/29/18 18:00,12.1,0,12.993
7/29/18 19:00,11.7,0,15.1655
7/29/18 20:00,12.5,0.4,14.1618
7/29/18 21:00,12,0.4,12.1872
7/29/18 22:00,14.7,0,10.2428
7/29/18 23:00,13.8,0,8.6091
7/30/18 0:00,12.5,0.4,7.2766
7/30/18 1:00,14.3,2.8,8.763
7/30/18 2:00,13.4,2.8,11.2022
7/30/18 3:00,12.9,0,11.0746
7/30/18 4:00,12.1,0,9.8256
7/30/18 5:00,10.4,0,8.3849
7/30/18 6:00,10.7,0,7.0979
7/30/18 7:00,11.8,0,6.0314
7/30/18 8:00,10.6,0,5.1671
7/30/18 9:00,10.2,0,4.4583
7/30/18 10:00,9.86,0.6,3.875
7/30/18 11:00,9.75,0,3.3945
7/30/18 12:00,10.3,0,2.9978
7/30/18 13:00,10.7,0,2.6689
7/30/18 14:00,10.4,0,2.3957
7/30/18 15:00,12.2,0,2.1656
7/30/18 16:00,10.2,0,1.9773
7/30/18 17:00,11.4,11.6,11.6899
7/30/18 18:00,14.3,0,25.4962
7/30/18 19:00,13.5,0.4,29.0355
7/30/18 20:00,12.3,0,26.2703
7/30/18 21:00,12.9,0,22.1732
7/30/18 22:00,13.6,0,18.4515
7/30/18 23:00,12.8,0.2,15.382
7/31/18 0:00,12.6,0,12.8799
7/31/18 1:00,13.4,0,10.8342
7/31/18 2:00,12.7,0.2,9.1357
7/31/18 3:00,12.2,0,7.7613
7/31/18 4:00,11.5,0,6.6375
7/31/18 5:00,10.4,0,5.7137
7/31/18 6:00,10.1,0,4.9505
7/31/18 7:00,10.7,0,4.305
7/31/18 8:00,9.15,0,3.7834
7/31/18 9:00,9.58,0,3.347
7/31/18 10:00,9.94,0,2.9828
7/31/18 11:00,10.2,0,2.6711
7/31/18 12:00,9.77,0,2.4121
7/31/18 13:00,10.5,0,2.199
7/31/18 14:00,11.3,0,2.0194
7/31/18 15:00,11.5,0,1.8676
7/31/18 16:00,11,0.6,1.7391
7/31/18 17:00,11.4,1.2,2.1321
7/31/18 18:00,11.6,0,2.5566
7/31/18 19:00,9.56,0,2.5766
7/31/18 20:00,10.6,0,2.4379
7/31/18 21:00,10.3,0,2.2544
7/31/18 22:00,10.9,0,2.0521
7/31/18 23:00,10.2,0,1.8741
8/1/18 0:00,9.41,0,1.7272
8/1/18 1:00,8.94,0,1.6002
8/1/18 2:00,9.21,0,1.4956
8/1/18 3:00,10.8,0,1.4061
8/1/18 4:00,10.2,0,1.324
8/1/18 5:00,10.3,0,1.2624
8/1/18 6:00,10.7,0,1.2184
8/1/18 7:00,10.4,0,1.1809
8/1/18 8:00,11.4,0,1.15
8/1/18 9:00,11,0,1.1235
8/1/18 10:00,11.7,0,1.1003
8/1/18 11:00,12.2,0,1.0789
8/1/18 12:00,12.4,0,1.057
8/1/18 13:00,12.1,0,1.0389
8/1/18 14:00,12.6,0,1.0275
8/1/18 15:00,12.9,0,1.0178
8/1/18 16:00,13.9,0,1.0093
8/1/18 17:00,13.4,0,1.0017
8/1/18 18:00,14.6,0,0.9897
8/1/18 19:00,14.3,1,0.9843
8/1/18 20:00,14.5,0,0.9796
8/1/18 21:00,13.7,0.2,0.9753
8/1/18 22:00,14.1,0.2,0.9716
8/1/18 23:00,13.5,0,0.9683
8/2/18 0:00,14.2,4,4.1449
8/2/18 1:00,14.7,14,21.4315
8/2/18 2:00,14.1,0,42.5176
8/2/18 3:00,13.2,0,45.4969
8/2/18 4:00,13.8,0,39.7394
8/2/18 5:00,13.3,0,33.1332
8/2/18 6:00,16.2,0,27.4311
8/2/18 7:00,13.7,0,22.7644
8/2/18 8:00,12.2,0,18.9656
8/2/18 9:00,12.8,0,15.8672
8/2/18 10:00,11.7,0,13.334
8/2/18 11:00,11.3,0,11.2566
8/2/18 12:00,11.4,0,9.5484
8/2/18 13:00,11.1,0,8.1403
8/2/18 14:00,10.5,0,6.9726
8/2/18 15:00,10.4,0,5.9938
8/2/18 16:00,11.2,0,5.2
8/2/18 17:00,11.4,0,4.5378
8/2/18 18:00,10.3,0,3.9855
8/2/18 19:00,10.8,0,3.5235
8/2/18 20:00,10.7,0,3.1356
8/2/18 21:00,10.1,12.4,13.4877
8/2/18 22:00,11,3,31.3305
8/2/18 23:00,13.5,9.4,48.4002
8/3/18 0:00,9.38,1.2,59.7126
8/3/18 1:00,10.2,3.6,61.295
8/3/18 2:00,124,36.5,97.1122
8/3/18 3:00,159,20,163.9489
8/3/18 4:00,126,17.2,210.059
8/3/18 5:00,144,6,223.0012
8/3/18 6:00,166,2,207.463
8/3/18 7:00,109,0.2,178.8671
8/3/18 8:00,76,0,149.081
8/3/18 9:00,85,0,123.126
8/3/18 10:00,55,0,101.7305
8/3/18 11:00,72,0,84.2641
8/3/18 12:00,68,0,70.0138
8/3/18 13:00,43,0,58.3334
8/3/18 14:00,32,0,48.751
8/3/18 15:00,44,0,40.8587
8/3/18 16:00,39,0,34.3083
8/3/18 17:00,34,0,28.9145
8/3/18 18:00,43.7,0,24.441
8/3/18 19:00,43.6,0,20.7394
8/3/18 20:00,47.7,0,17.6673
8/3/18 21:00,43,0,15.106
8/3/18 22:00,43.6,0,12.8617
8/3/18 23:00,35.5,0,11.0577
8/4/18 0:00,44,0,9.4859
8/4/18 1:00,33.9,0,8.2395
8/4/18 2:00,38.5,0,7.1669
8/4/18 3:00,32.4,0,5.9616
8/4/18 4:00,40.1,0,5.0982
8/4/18 5:00,30.5,0,4.3879
8/4/18 6:00,29.4,0,3.8888
8/4/18 7:00,28.8,0,3.4794
8/4/18 8:00,29.1,0,3.153
8/4/18 9:00,27.6,0,2.8672
8/4/18 10:00,23.8,0,2.602
8/4/18 11:00,23.2,0,2.3732
8/4/18 12:00,24.6,0,2.1252
8/4/18 13:00,24.6,19,18.8257
8/4/18 14:00,22.1,1.6,45.194
8/4/18 15:00,24.7,4.8,57.2671
8/4/18 16:00,20.4,3.4,61.7822
8/4/18 17:00,24.8,3.4,59.6646
8/4/18 18:00,23.6,0,51.8993
8/4/18 19:00,27.9,0,43.3401
8/4/18 20:00,29.7,0,35.9184
8/4/18 21:00,24.9,0,29.8084
8/4/18 22:00,23.4,0,24.8252
8/4/18 23:00,23.9,0.2,20.7584
8/5/18 0:00,24.7,0,17.4285
8/5/18 1:00,22.8,0,14.6931
8/5/18 2:00,20.9,0,12.4393
8/5/18 3:00,18.3,0,10.5572
8/5/18 4:00,19,0,9.0209
8/5/18 5:00,18.7,0,7.7415
8/5/18 6:00,20,0,6.6787
8/5/18 7:00,19.3,0,5.7962
8/5/18 8:00,17.7,0,5.0578
8/5/18 9:00,17.1,0,4.4392
8/5/18 10:00,18.2,0,3.9188
8/5/18 11:00,20.4,0,3.481
8/5/18 12:00,22.6,0,3.112
8/5/18 13:00,22.9,0,2.7979
8/5/18 14:00,25.4,0,2.3699
8/5/18 15:00,24.3,0,2.1584
8/5/18 16:00,21,0,1.9501
8/5/18 17:00,21.6,2.4,2.9234
8/5/18 18:00,21.3,1.8,5.8319
8/5/18 19:00,22.5,0.4,8.4621
8/5/18 20:00,22.7,0.6,9.5741
8/5/18 21:00,19.7,0.2,9.5427
8/5/18 22:00,20.2,0,8.6102
8/5/18 23:00,21.1,0,7.3874
8/6/18 0:00,21.4,0,6.2733
8/6/18 1:00,20.7,0,5.3401
8/6/18 2:00,20.1,0.2,4.5749
8/6/18 3:00,19.4,0,3.9552
8/6/18 4:00,18.9,0,3.4491
8/6/18 5:00,18.4,0,3.0327
8/6/18 6:00,18.3,0,2.6888
8/6/18 7:00,18.2,0,2.3929
8/6/18 8:00,15.3,0,2.1466
8/6/18 9:00,14.5,0,1.9479
8/6/18 10:00,14.3,0,1.782
8/6/18 11:00,14.2,0,1.645
8/6/18 12:00,13.6,0,1.5319
8/6/18 13:00,15.3,13.8,13.2741
8/6/18 14:00,15.1,1.2,31.4297
8/6/18 15:00,14.3,0,37.0337
8/6/18 16:00,17.7,0,33.5012
8/6/18 17:00,18.3,0,28.1883
8/6/18 18:00,16.1,0,23.3852
8/6/18 19:00,18.4,2.8,21.7208
8/6/18 20:00,18.7,0.2,21.56
8/6/18 21:00,17.3,0.2,19.4588
8/6/18 22:00,15.8,0.2,16.628
8/6/18 23:00,20.1,0.2,13.9916
8/7/18 0:00,18.6,0.2,11.7647
8/7/18 1:00,19.5,0.2,9.9324
8/7/18 2:00,21.2,0,8.4269
8/7/18 3:00,20.7,0,7.1724
8/7/18 4:00,19.4,0,6.1517
8/7/18 5:00,18.9,0,5.3084
8/7/18 6:00,16.2,0,4.6106
8/7/18 7:00,15.6,0,4.0321
8/7/18 8:00,16.9,0,3.551
8/7/18 9:00,15.5,0,3.1472
8/7/18 10:00,15,0,2.8122
8/7/18 11:00,16.5,0,2.5303
8/7/18 12:00,15,0,2.2925
8/7/18 13:00,16.5,3.8,4.5632
8/7/18 14:00,15.4,3.8,7.4783
8/7/18 15:00,16.6,1,8.9237
8/7/18 16:00,16.9,0,9.3847
8/7/18 17:00,17.4,0.4,8.7411
8/7/18 18:00,15.6,0,7.7986
8/7/18 19:00,16.2,1.2,7.6759
8/7/18 20:00,15.4,1.4,9.1368
8/7/18 21:00,17.5,0.2,10.2663
8/7/18 22:00,20.2,0.2,9.904
8/7/18 23:00,25.5,2.6,11.2482
8/8/18 0:00,27.2,0.8,13.8733
8/8/18 1:00,26.4,0.8,14.2926
8/8/18 2:00,23.5,0,12.909
8/8/18 3:00,21.9,0,11.0404
8/8/18 4:00,24.4,0,9.3107
8/8/18 5:00,19.4,0,7.8608
8/8/18 6:00,16.6,0,6.6757
8/8/18 7:00,15.5,0,5.6989
8/8/18 8:00,12.6,0,4.9031
8/8/18 9:00,12.4,0.6,4.2507
8/8/18 10:00,12,0,3.7124
8/8/18 11:00,11.1,0,3.2697
8/8/18 12:00,11.4,0,2.9032
8/8/18 13:00,11,1.8,3.561
8/8/18 14:00,11.4,0,4.452
8/8/18 15:00,11.5,0,4.3633
8/8/18 16:00,10.9,0,3.9509
8/8/18 17:00,10.3,0,3.5028
8/8/18 18:00,10.8,0,3.0771
8/8/18 19:00,12,0.2,2.7211
8/8/18 20:00,12.2,0.2,2.4201
8/8/18 21:00,12.4,0.2,2.1692
8/8/18 22:00,11.6,0.6,2.0373
8/8/18 23:00,11.9,0,1.9447
8/9/18 0:00,12.6,0,1.7803
8/9/18 1:00,11.3,0,1.6434
8/9/18 2:00,10.7,0,1.5383
8/9/18 3:00,11.5,0,1.451
8/9/18 4:00,11.1,0,1.3803
8/9/18 5:00,12.3,0.4,1.321
8/9/18 6:00,10.8,2.8,3.4446
8/9/18 7:00,12.7,2.2,8.0328
8/9/18 8:00,13.1,0.8,11.8728
8/9/18 9:00,8.7,0,13.027
8/9/18 10:00,9.72,0.4,12.1489
8/9/18 11:00,9.26,0,10.6704
8/9/18 12:00,9.51,0,9.0752
8/9/18 13:00,8.76,1.2,8.5227
8/9/18 14:00,9.42,0.2,8.5244
8/9/18 15:00,10.4,0.2,7.9472
8/9/18 16:00,9.93,0.2,7.173
8/9/18 17:00,8.72,0.4,6.606
8/9/18 18:00,8.5,0.4,6.1008
8/9/18 19:00,9.11,0.2,5.4036
8/9/18 20:00,9.05,0,4.7118
8/9/18 21:00,8.98,0,4.0992
8/9/18 22:00,9.28,0,3.5834
8/9/18 23:00,9.56,0.8,3.5091
8/10/18 0:00,8.7,0.2,3.6531
8/10/18 1:00,10.5,1,4.291
8/10/18 2:00,8.5,10.2,14.5635
8/10/18 3:00,9.71,1.2,29.2726
8/10/18 4:00,9.94,0.8,34.146
8/10/18 5:00,8.12,0.2,31.9116
8/10/18 6:00,8.7,0.2,27.4081
8/10/18 7:00,9.4,0.2,22.8875
8/10/18 8:00,9.62,1,19.7277
8/10/18 9:00,8.75,5.8,23.2491
8/10/18 10:00,8.99,3.6,32.11
8/10/18 11:00,9.05,1.2,37.0994
8/10/18 12:00,8.72,1,36.548
8/10/18 13:00,9.21,0,33.0107
8/10/18 14:00,9.57,0,28.1764
8/10/18 15:00,9.38,0.8,24.0743
8/10/18 16:00,8.6,0.2,20.8796
8/10/18 17:00,8.49,1.2,18.9661
8/10/18 18:00,9.15,1.4,18.9534
8/10/18 19:00,12,0.2,18.6374
8/10/18 20:00,12.8,1.4,18.0751
8/10/18 21:00,13.6,0.2,17.4984
8/10/18 22:00,13.7,0.2,15.6803
8/10/18 23:00,15.3,0.4,13.6371
8/11/18 0:00,17.6,0.4,11.8064
8/11/18 1:00,20.4,0,10.0835
8/11/18 2:00,28.9,0.2,8.588
8/11/18 3:00,27.5,0.2,7.2645
8/11/18 4:00,43.5,0.2,6.335
8/11/18 5:00,36.7,4.4,9.7443
8/11/18 6:00,43.7,5,19.4275
8/11/18 7:00,28.5,0,26.7009
8/11/18 8:00,29.8,1.4,27.498
8/11/18 9:00,27.7,0.2,25.6933
8/11/18 10:00,26.5,2.2,24.4531
8/11/18 11:00,26.1,4.6,28.3498
8/11/18 12:00,24.9,5.8,37.8124
8/11/18 13:00,22.9,3.6,47.2567
8/11/18 14:00,25.1,5,54.2224
8/11/18 15:00,40.5,6.8,62.8415
8/11/18 16:00,66.1,7.8,74.533
8/11/18 17:00,84.3,4.4,83.4099
8/11/18 18:00,109,7.4,89.2907
8/11/18 19:00,167,6.4,95.8468
8/11/18 20:00,171,9.4,104.4503
8/11/18 21:00,99.2,11.6,118.5129
8/11/18 22:00,74.7,10.8,134.6821
8/11/18 23:00,76.2,5.6,142.636
8/12/18 0:00,121,4.2,138.8015
8/12/18 1:00,122,2,127.6525
8/12/18 2:00,143,0.4,111.826
8/12/18 3:00,132,0.6,94.9808
8/12/18 4:00,109,0,79.7981
8/12/18 5:00,96.3,0.2,66.5446
8/12/18 6:00,80.8,0,55.3798
8/12/18 7:00,79.8,0,46.1886
8/12/18 8:00,77.6,0,38.6784
8/12/18 9:00,72.1,0.4,32.4893
8/12/18 10:00,69.5,0.4,27.3902
8/12/18 11:00,90.1,7.8,31.0406
8/12/18 12:00,80.4,5.8,43.8621
8/12/18 13:00,70.7,5.2,55.7947
8/12/18 14:00,153,5.2,59.0358
8/12/18 15:00,408,3.2,56.1728
8/12/18 16:00,246,3.4,55.5168
8/12/18 17:00,241,5.2,58.6161
8/12/18 18:00,170,8.4,68.041
8/12/18 19:00,129,5,78.5567
8/12/18 20:00,136,0.2,78.7723
8/12/18 21:00,131,4,73.477
8/12/18 22:00,122,0.4,67.956
8/12/18 23:00,99.3,0,59.1398
8/13/18 0:00,110,0.4,49.8319
8/13/18 1:00,108,2.4,44.198
8/13/18 2:00,86,7.4,48.2618
8/13/18 3:00,90.9,12.8,66.8217
8/13/18 4:00,112,25.6,108.564
8/13/18 5:00,172,42.8,187.6167
8/13/18 6:00,247,20.8,265.7244
8/13/18 7:00,200,11.2,293.8569
8/13/18 8:00,218,1.4,277.3684
8/13/18 9:00,214,1.2,239.8717
8/13/18 10:00,235,0.6,201.4327
8/13/18 11:00,392,0.2,167.7209
8/13/18 12:00,444,1.6,140.634
8/13/18 13:00,492,0.6,119.4518
8/13/18 14:00,475,0.2,100.8975
8/13/18 15:00,635,15.6,101.4445
8/13/18 16:00,675,1,110.6331
8/13/18 17:00,866,7.2,110.6873
8/13/18 18:00,783,11.6,118.0012
8/13/18 19:00,741,5.6,127.1289
8/13/18 20:00,682,2.8,124.9123
8/13/18 21:00,606,2.2,114.6116
8/13/18 22:00,611,2.6,103.32
8/13/18 23:00,625,2.6,91.3104
8/14/18 0:00,520,2.6,77.605
8/14/18 1:00,558,1.8,66.466
8/14/18 2:00,476,0.4,58.0925
8/14/18 3:00,514,1.6,51.4115
8/14/18 4:00,563,0,45.6125
8/14/18 5:00,472,0,38.9808
8/14/18 6:00,531,0.6,32.8777
8/14/18 7:00,492,0.4,28.2903
8/14/18 8:00,558,8.2,32.9283
8/14/18 9:00,506,0.6,41.1776
8/14/18 10:00,504,1,41.3916
8/14/18 11:00,461,5.4,42.9743
8/14/18 12:00,567,11,56.5596
8/14/18 13:00,602,1,68.8141
8/14/18 14:00,529,0,65.9139
8/14/18 15:00,594,1,57.3042
8/14/18 16:00,570,8,57.3093
8/14/18 17:00,563,0,60.6047
8/14/18 18:00,451,0,55.292
8/14/18 19:00,502,1.2,47.748
8/14/18 20:00,496,0.2,41.2811
8/14/18 21:00,430,4,39.1622
8/14/18 22:00,459,4,38.8957
8/14/18 23:00,447,0,34.9027
8/15/18 0:00,416,0,29.7077
8/15/18 1:00,423,0,24.983
8/15/18 2:00,408,0,21.004
8/15/18 3:00,421,0,17.7409
8/15/18 4:00,398,0,15.0434
8/15/18 5:00,390,8.6,20.7259
8/15/18 6:00,340,0,29.3766
8/15/18 7:00,343,0,29.5958
8/15/18 8:00,382,0,25.9175
8/15/18 9:00,307,0,21.8241
8/15/18 10:00,297,0,18.3465
8/15/18 11:00,338,0,15.4671
8/15/18 12:00,325,0,13.0714
8/15/18 13:00,333,0,11.0552
8/15/18 14:00,328,0,9.4896
8/15/18 15:00,329,0,8.206
8/15/18 16:00,314,0,7.1287
8/15/18 17:00,305,0,6.169
8/15/18 18:00,268,0,5.4317
8/15/18 19:00,254,0.2,4.8092
8/15/18 20:00,228,0,4.2841
8/15/18 21:00,230,0,3.8412
8/15/18 22:00,242,0,3.4293
8/15/18 23:00,219,0,3.1324
8/16/18 0:00,202,1,2.8875
8/16/18 1:00,204,0,2.6825
8/16/18 2:00,209,0,2.4953
8/16/18 3:00,201,5.4,7.0102
8/16/18 4:00,186,0.2,13.2357
8/16/18 5:00,177,0.2,14.7884
8/16/18 6:00,169,0,13.4985
8/16/18 7:00,157,3,14.2416
8/16/18 8:00,134,0,15.951
8/16/18 9:00,132,0,15.1023
8/16/18 10:00,134,0,13.1914
8/16/18 11:00,144,0,11.2326
8/16/18 12:00,136,0,9.5381
8/16/18 13:00,133,0,8.14
8/16/18 14:00,124,0,6.9962
8/16/18 15:00,114,0,6.0481
8/16/18 16:00,121,0,5.2784
8/16/18 17:00,125,0,4.6436
8/16/18 18:00,122,0,4.1262
8/16/18 19:00,116,0,3.697
8/16/18 20:00,118,0,3.3398
8/16/18 21:00,109,0,3.0391
8/16/18 22:00,108,1.6,3.1991
8/16/18 23:00,98,1.6,3.4972
8/17/18 0:00,82.7,0,3.4098
8/17/18 1:00,79.9,0,3.1914
8/17/18 2:00,78.5,0,2.94
8/17/18 3:00,77.5,0,2.697
8/17/18 4:00,77.1,0,2.4438
8/17/18 5:00,75,0,2.2791
8/17/18 6:00,70,0,2.1445
8/17/18 7:00,67.2,0.2,2.0331
8/17/18 8:00,63.2,0,1.9146
8/17/18 9:00,65.3,0,1.8401
8/17/18 10:00,62.5,0,1.7781
8/17/18 11:00,61.7,0,1.7233
8/17/18 12:00,59.2,0,1.6766
8/17/18 13:00,58,0,1.6345
8/17/18 14:00,56.3,0,1.5961
8/17/18 15:00,58.1,0,1.5662
8/17/18 16:00,52.6,0,1.5433
8/17/18 17:00,50.4,0,1.5224
8/17/18 18:00,53,0,1.5025
8/17/18 19:00,60.4,0.6,1.4873
8/17/18 20:00,65.8,0,1.4755
8/17/18 21:00,60.4,0,1.4629
8/17/18 22:00,67.9,0,1.4499
8/17/18 23:00,58.3,0,1.4367
8/18/18 0:00,65.1,6,5.9986
8/18/18 1:00,63.2,2,13.8635
8/18/18 2:00,59,1,19.1157
8/18/18 3:00,58,0.2,19.8882
8/18/18 4:00,57.8,0.2,17.8586
8/18/18 5:00,59.7,0,15.2079
8/18/18 6:00,58.8,0,12.8035
8/18/18 7:00,65.8,0,10.8037
8/18/18 8:00,55.1,0,9.1699
8/18/18 9:00,56.3,1.4,8.5751
8/18/18 10:00,52.9,0.6,8.8695
8/18/18 11:00,52.4,1.2,9.7315
8/18/18 12:00,52.1,0.2,10.3628
8/18/18 13:00,52.8,0,9.7561
8/18/18 14:00,49.5,0,8.5939
8/18/18 15:00,49.3,0,7.4048
8/18/18 16:00,49.6,0,6.3725
8/18/18 17:00,48.7,0,5.5216
8/18/18 18:00,48.1,0,4.8244
8/18/18 19:00,47.2,0,4.2505
8/18/18 20:00,49.5,0,3.7776
8/18/18 21:00,49.9,0,3.3873
8/18/18 22:00,53.7,0,3.0642
8/18/18 23:00,51.2,0,2.7947
8/19/18 0:00,52.6,0,2.5702
8/19/18 1:00,53,0.2,2.3376
8/19/18 2:00,52.8,0,2.173
8/19/18 3:00,48.7,0,2.0442
8/19/18 4:00,45.9,1,1.9435
8/19/18 5:00,46.1,0,1.8595
8/19/18 6:00,44.4,0.2,1.7883
8/19/18 7:00,39.6,0,1.7278
8/19/18 8:00,40.2,0,1.6736
8/19/18 9:00,45.2,0,1.6268
8/19/18 10:00,47.9,0,1.5771
8/19/18 11:00,48.2,0,1.5344
8/19/18 12:00,48.9,0,1.4956
8/19/18 13:00,46.5,0,1.4756
8/19/18 14:00,48.7,0,1.461
8/19/18 15:00,47.4,0,1.4488
8/19/18 16:00,51.2,0,1.4379
8/19/18 17:00,49.5,0,1.4276
8/19/18 18:00,49,0,1.4165
8/19/18 19:00,51.1,1,1.404
8/19/18 20:00,47.4,1.8,2.8192
8/19/18 21:00,54,1,5.4205
8/19/18 22:00,53.9,0.2,7.0209
8/19/18 23:00,55.3,1.2,8.272
8/20/18 0:00,53.1,0.2,9.1054
8/20/18 1:00,49.5,2.2,10.6714
8/20/18 2:00,50.1,1,13.2453
8/20/18 3:00,44.8,0.8,14.6029
8/20/18 4:00,46.2,0.2,14.4031
8/20/18 5:00,43.6,0,12.9204
8/20/18 6:00,45.1,0,11.0857
8/20/18 7:00,43.7,0,9.4088
8/20/18 8:00,56.4,0,8.0052
8/20/18 9:00,53.3,0.6,6.9276
8/20/18 10:00,54.9,0.8,6.7305
8/20/18 11:00,60,16.2,22.4613
8/20/18 12:00,58.2,1,45.3919
8/20/18 13:00,56.6,9.6,60.3085
8/20/18 14:00,90.9,19.8,89.1011
8/20/18 15:00,93.4,0.4,112.2146
8/20/18 16:00,133,0.8,107.0837
8/20/18 17:00,148,0.4,91.9499
8/20/18 18:00,107,1,77.9082
8/20/18 19:00,99.2,1,65.9948
8/20/18 20:00,98.5,0.4,55.3964
8/20/18 21:00,94.5,0,46.3511
8/20/18 22:00,99.7,0,38.6957
8/20/18 23:00,94.9,0.2,32.3497
8/21/18 0:00,90.3,0.2,27.1264
8/21/18 1:00,107,19.4,43.0223
8/21/18 2:00,122,9.6,76.8276
8/21/18 3:00,130,3.4,95.0007
8/21/18 4:00,131,1.6,93.5543
8/21/18 5:00,139,3.8,86.96
8/21/18 6:00,142,1.2,80.3297
8/21/18 7:00,140,0,70.6427
8/21/18 8:00,146,3.2,62.8051
8/21/18 9:00,127,0,57.0171
8/21/18 10:00,144,0,49.2356
8/21/18 11:00,150,0,41.3612
8/21/18 12:00,133,0,34.465
8/21/18 13:00,128,0,28.8944
8/21/18 14:00,123,0,24.2372
8/21/18 15:00,114,0,20.2881
8/21/18 16:00,113,0,17.2206
8/21/18 17:00,125,2,15.746
8/21/18 18:00,122,0,14.9829
8/21/18 19:00,134,0,13.3637
8/21/18 20:00,126,0,11.5715
8/21/18 21:00,118,2,11.5206
8/21/18 22:00,127,0,12.1594
8/21/18 23:00,121,0,11.3067
,,,
,,,
,,,
,,,
,,,
,,,
,,,
,,,